{
  "task": "classification",
  "model": "xgb",
  "preprocessor": "fingerprint",
  "f1": {
    "mean": 0.5325883622824372,
    "std": 0.050843919037713375
  },
  "accuracy": {
    "mean": 0.6296579476861167,
    "std": 0.042066578886527796
  },
  "raw_f1": [
    0.6086956521739131,
    0.45614035087719296,
    0.5283018867924528,
    0.5098039215686274,
    0.56
  ],
  "raw_acc": [
    0.6197183098591549,
    0.5571428571428572,
    0.6428571428571429,
    0.6428571428571429,
    0.6857142857142857
  ]
}