{
  "task": "classification",
  "model": "xgb",
  "preprocessor": "protected_fingerprint",
  "f1": {
    "mean": 0.3940453742048684,
    "std": 0.03449119727993807
  },
  "accuracy": {
    "mean": 0.5715645552094151,
    "std": 0.044032932980206135
  },
  "raw_f1": [
    0.43373493975903615,
    0.3614457831325301,
    0.4146341463414634,
    0.4155844155844156,
    0.3448275862068966
  ],
  "raw_acc": [
    0.5648148148148148,
    0.5092592592592593,
    0.5555555555555556,
    0.5833333333333334,
    0.6448598130841121
  ]
}