{
  "task": "classification",
  "model": "xgb",
  "preprocessor": "hydrophobicity",
  "f1": {
    "mean": 0.4339484377370718,
    "std": 0.039539728251252584
  },
  "accuracy": {
    "mean": 0.5727272727272728,
    "std": 0.021076405671581172
  },
  "raw_f1": [
    0.47058823529411764,
    0.4067796610169492,
    0.42424242424242425,
    0.38095238095238093,
    0.48717948717948717
  ],
  "raw_acc": [
    0.5909090909090909,
    0.6022727272727273,
    0.5681818181818182,
    0.5568181818181818,
    0.5454545454545454
  ]
}