{
  "task": "classification",
  "model": "knn",
  "preprocessor": "sequence",
  "f1": {
    "mean": 0.40853941860238707,
    "std": 0.04946331573414782
  },
  "accuracy": {
    "mean": 0.5727162977867203,
    "std": 0.05045090178906891
  },
  "raw_f1": [
    0.4482758620689655,
    0.42857142857142855,
    0.391304347826087,
    0.45454545454545453,
    0.32
  ],
  "raw_acc": [
    0.5492957746478874,
    0.5428571428571428,
    0.6,
    0.6571428571428571,
    0.5142857142857142
  ]
}