{
  "task": "classification",
  "model": "xgb",
  "preprocessor": "protected_fp_hydrophob",
  "f1": {
    "mean": 0.42081780237460464,
    "std": 0.05302293641024855
  },
  "accuracy": {
    "mean": 0.6127162977867203,
    "std": 0.035361541934487054
  },
  "raw_f1": [
    0.4838709677419355,
    0.4166666666666667,
    0.43478260869565216,
    0.32432432432432434,
    0.4444444444444444
  ],
  "raw_acc": [
    0.5492957746478874,
    0.6,
    0.6285714285714286,
    0.6428571428571429,
    0.6428571428571429
  ]
}