{
  "task": "classification",
  "model": "xgb",
  "preprocessor": "protected_fp_hydrophob",
  "f1": {
    "mean": 0.4805544911258597,
    "std": 0.030560387766952152
  },
  "accuracy": {
    "mean": 0.5863636363636363,
    "std": 0.03491429885394823
  },
  "raw_f1": [
    0.45714285714285713,
    0.5373134328358209,
    0.4507042253521127,
    0.47761194029850745,
    0.48
  ],
  "raw_acc": [
    0.5681818181818182,
    0.6477272727272727,
    0.5568181818181818,
    0.6022727272727273,
    0.5568181818181818
  ]
}