{
  "task": "classification",
  "model": "rff",
  "preprocessor": "occurency",
  "f1": {
    "mean": 0.6266043897622845,
    "std": 0.042151597934105806
  },
  "accuracy": {
    "mean": 0.6289373485635168,
    "std": 0.023465162630826458
  },
  "raw_f1": [
    0.6842105263157895,
    0.6140350877192983,
    0.6428571428571429,
    0.6363636363636364,
    0.5555555555555556
  ],
  "raw_acc": [
    0.6666666666666666,
    0.5925925925925926,
    0.6296296296296297,
    0.6296296296296297,
    0.6261682242990654
  ]
}