{
  "task": "classification",
  "model": "rff",
  "preprocessor": "whole_peptide_fingerprint",
  "f1": {
    "mean": 0.4778366322705946,
    "std": 0.09149647191966662
  },
  "accuracy": {
    "mean": 0.6156539235412475,
    "std": 0.06498955341844112
  },
  "raw_f1": [
    0.37037037037037035,
    0.49056603773584906,
    0.375,
    0.5714285714285714,
    0.5818181818181818
  ],
  "raw_acc": [
    0.5211267605633803,
    0.6142857142857143,
    0.5714285714285714,
    0.7,
    0.6714285714285714
  ]
}