{
  "task": "classification",
  "model": "xgb",
  "preprocessor": "fingerprint",
  "f1": {
    "mean": 0.4351657305318632,
    "std": 0.06400285405529288
  },
  "accuracy": {
    "mean": 0.618430583501006,
    "std": 0.05121988751804071
  },
  "raw_f1": [
    0.5,
    0.4583333333333333,
    0.3181818181818182,
    0.42105263157894735,
    0.4782608695652174
  ],
  "raw_acc": [
    0.5492957746478874,
    0.6285714285714286,
    0.5714285714285714,
    0.6857142857142857,
    0.6571428571428571
  ]
}