{
  "task": "classification",
  "model": "knn",
  "preprocessor": "all_synthesis_hydrophob",
  "f1": {
    "mean": 0.5119220393634173,
    "std": 0.0551416942612453
  },
  "accuracy": {
    "mean": 0.640909090909091,
    "std": 0.03491429885394822
  },
  "raw_f1": [
    0.5846153846153846,
    0.5,
    0.4918032786885246,
    0.4262295081967213,
    0.5569620253164557
  ],
  "raw_acc": [
    0.6931818181818182,
    0.6590909090909091,
    0.6477272727272727,
    0.6022727272727273,
    0.6022727272727273
  ]
}