{
  "task": "classification",
  "model": "knn",
  "preprocessor": "one_hot",
  "f1": {
    "mean": 0.45045340929878713,
    "std": 0.045260923175571
  },
  "accuracy": {
    "mean": 0.6090909090909091,
    "std": 0.01981317701609395
  },
  "raw_f1": [
    0.5373134328358209,
    0.4444444444444444,
    0.4067796610169492,
    0.4262295081967213,
    0.4375
  ],
  "raw_acc": [
    0.6477272727272727,
    0.6022727272727273,
    0.6022727272727273,
    0.6022727272727273,
    0.5909090909090909
  ]
}