{
  "task": "classification",
  "model": "knn",
  "preprocessor": "all_synthesis_hydrophob",
  "f1": {
    "mean": 0.4477666598729907,
    "std": 0.07295878816568832
  },
  "accuracy": {
    "mean": 0.5954929577464789,
    "std": 0.02554764746368382
  },
  "raw_f1": [
    0.4827586206896552,
    0.43636363636363634,
    0.5333333333333333,
    0.3157894736842105,
    0.47058823529411764
  ],
  "raw_acc": [
    0.5774647887323944,
    0.5571428571428572,
    0.6,
    0.6285714285714286,
    0.6142857142857143
  ]
}