{
  "task": "classification",
  "model": "rff",
  "preprocessor": "protected_fp_hydrophob",
  "f1": {
    "mean": 0.38039722409427884,
    "std": 0.05642561826970359
  },
  "accuracy": {
    "mean": 0.5871629778672032,
    "std": 0.05311023650445109
  },
  "raw_f1": [
    0.41935483870967744,
    0.44,
    0.34782608695652173,
    0.2857142857142857,
    0.4090909090909091
  ],
  "raw_acc": [
    0.49295774647887325,
    0.6,
    0.5714285714285714,
    0.6428571428571429,
    0.6285714285714286
  ]
}