{"f1": {"mean": 0.5920329930372146, "std": 0.03513898877929307}, "raw_f1": [0.6440677966101694, 0.584070796460177, 0.5631067961165048, 0.6194690265486725, 0.5494505494505495], "raw_acc": [0.6111111111111112, 0.5648148148148148, 0.5833333333333334, 0.6018518518518519, 0.616822429906542]}