{
  "task": "classification",
  "model": "rff",
  "preprocessor": "hydrophobicity",
  "f1": {
    "mean": 0.42429884850034333,
    "std": 0.02670369145583713
  },
  "accuracy": {
    "mean": 0.6128370221327968,
    "std": 0.05831101167640406
  },
  "raw_f1": [
    0.4067796610169492,
    0.43478260869565216,
    0.4489795918367347,
    0.45,
    0.38095238095238093
  ],
  "raw_acc": [
    0.5070422535211268,
    0.6285714285714286,
    0.6142857142857143,
    0.6857142857142857,
    0.6285714285714286
  ]
}