{
  "task": "classification",
  "model": "knn",
  "preprocessor": "sequence",
  "f1": {
    "mean": 0.46873758669155097,
    "std": 0.06472793416643213
  },
  "accuracy": {
    "mean": 0.5840909090909091,
    "std": 0.04799707291350654
  },
  "raw_f1": [
    0.4,
    0.4117647058823529,
    0.4927536231884058,
    0.5797101449275363,
    0.4594594594594595
  ],
  "raw_acc": [
    0.5568181818181818,
    0.5454545454545454,
    0.6022727272727273,
    0.6704545454545454,
    0.5454545454545454
  ]
}