{
  "task": "classification",
  "model": "rff",
  "preprocessor": "positional_fingerprint",
  "f1": {
    "mean": 0.4178752817325135,
    "std": 0.0307920641909375
  },
  "accuracy": {
    "mean": 0.566060920733818,
    "std": 0.06562535137108187
  },
  "raw_f1": [
    0.47619047619047616,
    0.3953488372093023,
    0.391304347826087,
    0.41975308641975306,
    0.4067796610169492
  ],
  "raw_acc": [
    0.5925925925925926,
    0.5185185185185185,
    0.48148148148148145,
    0.5648148148148148,
    0.6728971962616822
  ]
}