{
  "task": "classification",
  "model": "rff",
  "preprocessor": "fingerprint",
  "f1": {
    "mean": 0.5368845651468135,
    "std": 0.05855769770346515
  },
  "accuracy": {
    "mean": 0.641046277665996,
    "std": 0.047087137984964535
  },
  "raw_f1": [
    0.6176470588235294,
    0.5,
    0.4528301886792453,
    0.5306122448979592,
    0.5833333333333334
  ],
  "raw_acc": [
    0.6338028169014085,
    0.6,
    0.5857142857142857,
    0.6714285714285714,
    0.7142857142857143
  ]
}