{
  "task": "classification",
  "model": "rff",
  "preprocessor": "occurency",
  "f1": {
    "mean": 0.4861538560228281,
    "std": 0.07335254630153035
  },
  "accuracy": {
    "mean": 0.6468812877263581,
    "std": 0.04403267787781177
  },
  "raw_f1": [
    0.5084745762711864,
    0.5925925925925926,
    0.36363636363636365,
    0.4878048780487805,
    0.4782608695652174
  ],
  "raw_acc": [
    0.5915492957746479,
    0.6857142857142857,
    0.6,
    0.7,
    0.6571428571428571
  ]
}