{
  "task": "classification",
  "model": "rff",
  "preprocessor": "whole_peptide_fingerprint",
  "f1": {
    "mean": 0.5953074672582461,
    "std": 0.03277978734872296
  },
  "accuracy": {
    "mean": 0.6123052959501557,
    "std": 0.028146270107100534
  },
  "raw_f1": [
    0.6481481481481481,
    0.6071428571428571,
    0.5631067961165048,
    0.6,
    0.5581395348837209
  ],
  "raw_acc": [
    0.6481481481481481,
    0.5925925925925926,
    0.5833333333333334,
    0.5925925925925926,
    0.6448598130841121
  ]
}