{
  "task": "classification",
  "model": "rff",
  "preprocessor": "protected_fp_hydrophob",
  "f1": {
    "mean": 0.5241499169270376,
    "std": 0.03538494459364916
  },
  "accuracy": {
    "mean": 0.6268008048289738,
    "std": 0.0453139797444452
  },
  "raw_f1": [
    0.5573770491803278,
    0.4642857142857143,
    0.5084745762711864,
    0.5306122448979592,
    0.56
  ],
  "raw_acc": [
    0.6197183098591549,
    0.5714285714285714,
    0.5857142857142857,
    0.6714285714285714,
    0.6857142857142857
  ]
}