{
  "task": "classification",
  "model": "xgb",
  "preprocessor": "all_synthesis_hydrophob",
  "f1": {
    "mean": 0.5020541197932502,
    "std": 0.04203514771528304
  },
  "accuracy": {
    "mean": 0.6697786720321932,
    "std": 0.05078821570314272
  },
  "raw_f1": [
    0.4230769230769231,
    0.5217391304347826,
    0.52,
    0.5,
    0.5454545454545454
  ],
  "raw_acc": [
    0.5774647887323944,
    0.6857142857142857,
    0.6571428571428571,
    0.7142857142857143,
    0.7142857142857143
  ]
}