{
  "task": "classification",
  "model": "xgb",
  "preprocessor": "occurency",
  "f1": {
    "mean": 0.4996499160996636,
    "std": 0.07930696671411268
  },
  "accuracy": {
    "mean": 0.6354124748490946,
    "std": 0.035817828197646895
  },
  "raw_f1": [
    0.5483870967741935,
    0.6206896551724138,
    0.391304347826087,
    0.4888888888888889,
    0.4489795918367347
  ],
  "raw_acc": [
    0.6056338028169014,
    0.6857142857142857,
    0.6,
    0.6714285714285714,
    0.6142857142857143
  ]
}