{
  "task": "classification",
  "model": "xgb",
  "preprocessor": "whole_peptide_fingerprint",
  "f1": {
    "mean": 0.5027504194310989,
    "std": 0.10781090767715129
  },
  "accuracy": {
    "mean": 0.6326358148893361,
    "std": 0.05473257174072405
  },
  "raw_f1": [
    0.53125,
    0.6774193548387096,
    0.5106382978723404,
    0.35,
    0.4444444444444444
  ],
  "raw_acc": [
    0.5774647887323944,
    0.7142857142857143,
    0.6714285714285714,
    0.6285714285714286,
    0.5714285714285714
  ]
}