{
  "task": "classification",
  "model": "knn",
  "preprocessor": "hydrophobicity",
  "f1": {
    "mean": 0.31949849849849854,
    "std": 0.035039303100529544
  },
  "accuracy": {
    "mean": 0.5556539235412474,
    "std": 0.038492917727977034
  },
  "raw_f1": [
    0.32,
    0.35555555555555557,
    0.36,
    0.2702702702702703,
    0.2916666666666667
  ],
  "raw_acc": [
    0.5211267605633803,
    0.5857142857142857,
    0.5428571428571428,
    0.6142857142857143,
    0.5142857142857142
  ]
}