{
  "task": "classification",
  "model": "rff",
  "preprocessor": "sequence",
  "f1": {
    "mean": 0.468551724137931,
    "std": 0.043248803190468144
  },
  "accuracy": {
    "mean": 0.6097786720321932,
    "std": 0.026454154185729235
  },
  "raw_f1": [
    0.4827586206896552,
    0.5,
    0.44,
    0.4,
    0.52
  ],
  "raw_acc": [
    0.5774647887323944,
    0.6,
    0.6,
    0.6142857142857143,
    0.6571428571428571
  ]
}