{
  "task": "classification",
  "model": "rff",
  "preprocessor": "sequence",
  "f1": {
    "mean": 0.4188566108857222,
    "std": 0.07655023463062902
  },
  "accuracy": {
    "mean": 0.6070020120724345,
    "std": 0.04398344320026666
  },
  "raw_f1": [
    0.4838709677419355,
    0.4528301886792453,
    0.3829787234042553,
    0.2857142857142857,
    0.4888888888888889
  ],
  "raw_acc": [
    0.5492957746478874,
    0.5857142857142857,
    0.5857142857142857,
    0.6428571428571429,
    0.6714285714285714
  ]
}