{
  "task": "classification",
  "model": "knn",
  "preprocessor": "positional_fingerprint",
  "f1": {
    "mean": 0.35070272571423056,
    "std": 0.044355233969941336
  },
  "accuracy": {
    "mean": 0.5871227364185111,
    "std": 0.04619343221895864
  },
  "raw_f1": [
    0.33962264150943394,
    0.4230769230769231,
    0.34146341463414637,
    0.2857142857142857,
    0.36363636363636365
  ],
  "raw_acc": [
    0.5070422535211268,
    0.5714285714285714,
    0.6142857142857143,
    0.6428571428571429,
    0.6
  ]
}