{
  "task": "classification",
  "model": "rff",
  "preprocessor": "positional_fingerprint",
  "f1": {
    "mean": 0.46323883429154045,
    "std": 0.04022215696439719
  },
  "accuracy": {
    "mean": 0.5863636363636364,
    "std": 0.027461468121805853
  },
  "raw_f1": [
    0.47761194029850745,
    0.5074626865671642,
    0.4117647058823529,
    0.41935483870967744,
    0.5
  ],
  "raw_acc": [
    0.6022727272727273,
    0.625,
    0.5454545454545454,
    0.5909090909090909,
    0.5681818181818182
  ]
}