{
  "task": "classification",
  "model": "xgb",
  "preprocessor": "hydrophobicity",
  "f1": {
    "mean": 0.4272358846826932,
    "std": 0.09126212415709169
  },
  "accuracy": {
    "mean": 0.6098591549295774,
    "std": 0.06975643590109007
  },
  "raw_f1": [
    0.42857142857142855,
    0.5106382978723404,
    0.3333333333333333,
    0.5454545454545454,
    0.3181818181818182
  ],
  "raw_acc": [
    0.5492957746478874,
    0.6714285714285714,
    0.5428571428571428,
    0.7142857142857143,
    0.5714285714285714
  ]
}