{
  "task": "classification",
  "model": "rff",
  "preprocessor": "whole_peptide_fingerprint",
  "f1": {
    "mean": 0.38463843573851164,
    "std": 0.07673567140667753
  },
  "accuracy": {
    "mean": 0.5455867082035306,
    "std": 0.05461968191266577
  },
  "raw_f1": [
    0.4883720930232558,
    0.2926829268292683,
    0.44680851063829785,
    0.3902439024390244,
    0.3050847457627119
  ],
  "raw_acc": [
    0.5925925925925926,
    0.46296296296296297,
    0.5185185185185185,
    0.5370370370370371,
    0.616822429906542
  ]
}