{
  "task": "classification",
  "model": "xgb",
  "preprocessor": "all_synthesis_hydrophob",
  "f1": {
    "mean": 0.7683861961746224,
    "std": 0.04597313285185374
  },
  "accuracy": {
    "mean": 0.8022727272727274,
    "std": 0.03706706006886385
  },
  "raw_f1": [
    0.8533333333333334,
    0.7164179104477612,
    0.7654320987654321,
    0.7631578947368421,
    0.7435897435897436
  ],
  "raw_acc": [
    0.875,
    0.7840909090909091,
    0.7840909090909091,
    0.7954545454545454,
    0.7727272727272727
  ]
}