{
  "task": "classification",
  "model": "xgb",
  "preprocessor": "whole_peptide_fingerprint",
  "f1": {
    "mean": 0.5817287632749473,
    "std": 0.0577220676128013
  },
  "accuracy": {
    "mean": 0.601159570785739,
    "std": 0.03792202162317523
  },
  "raw_f1": [
    0.672566371681416,
    0.6086956521739131,
    0.5769230769230769,
    0.5504587155963303,
    0.5
  ],
  "raw_acc": [
    0.6574074074074074,
    0.5833333333333334,
    0.5925925925925926,
    0.5462962962962963,
    0.6261682242990654
  ]
}