{
  "task": "classification",
  "model": "knn",
  "preprocessor": "fingerprint",
  "f1": {
    "mean": 0.4295490095707882,
    "std": 0.03974856895826894
  },
  "accuracy": {
    "mean": 0.5727162977867203,
    "std": 0.0586792354671032
  },
  "raw_f1": [
    0.4482758620689655,
    0.38596491228070173,
    0.38461538461538464,
    0.4888888888888889,
    0.44
  ],
  "raw_acc": [
    0.5492957746478874,
    0.5,
    0.5428571428571428,
    0.6714285714285714,
    0.6
  ]
}