{
  "task": "classification",
  "model": "xgb",
  "preprocessor": "fingerprint",
  "f1": {
    "mean": 0.588565351505855,
    "std": 0.05928300142156508
  },
  "accuracy": {
    "mean": 0.5993077189338871,
    "std": 0.03427659140971081
  },
  "raw_f1": [
    0.631578947368421,
    0.6608695652173913,
    0.5892857142857143,
    0.5739130434782609,
    0.48717948717948717
  ],
  "raw_acc": [
    0.6111111111111112,
    0.6388888888888888,
    0.5740740740740741,
    0.5462962962962963,
    0.6261682242990654
  ]
}