{
  "task": "classification",
  "model": "knn",
  "preprocessor": "fingerprint",
  "f1": {
    "mean": 0.463936285936286,
    "std": 0.06450069850621766
  },
  "accuracy": {
    "mean": 0.5681818181818181,
    "std": 0.04128614119223853
  },
  "raw_f1": [
    0.48717948717948717,
    0.5151515151515151,
    0.4722222222222222,
    0.3384615384615385,
    0.5066666666666667
  ],
  "raw_acc": [
    0.5454545454545454,
    0.6363636363636364,
    0.5681818181818182,
    0.5113636363636364,
    0.5795454545454546
  ]
}