{
  "task": "classification",
  "model": "knn",
  "preprocessor": "protected_fp_hydrophob",
  "f1": {
    "mean": 0.5087911679823445,
    "std": 0.05261755575769763
  },
  "accuracy": {
    "mean": 0.6113636363636363,
    "std": 0.0409090909090909
  },
  "raw_f1": [
    0.46875,
    0.47058823529411764,
    0.4935064935064935,
    0.5,
    0.6111111111111112
  ],
  "raw_acc": [
    0.6136363636363636,
    0.5909090909090909,
    0.5568181818181818,
    0.6136363636363636,
    0.6818181818181818
  ]
}