{
  "task": "classification",
  "model": "rff",
  "preprocessor": "fingerprint",
  "f1": {
    "mean": 0.4565874150393786,
    "std": 0.0415040189833811
  },
  "accuracy": {
    "mean": 0.6,
    "std": 0.031655427902691186
  },
  "raw_f1": [
    0.3870967741935484,
    0.5,
    0.49230769230769234,
    0.46875,
    0.43478260869565216
  ],
  "raw_acc": [
    0.5681818181818182,
    0.6363636363636364,
    0.625,
    0.6136363636363636,
    0.5568181818181818
  ]
}