{
  "task": "classification",
  "model": "rff",
  "preprocessor": "protected_fp_hydrophob",
  "f1": {
    "mean": 0.45512833056758134,
    "std": 0.0482776117650056
  },
  "accuracy": {
    "mean": 0.6068181818181818,
    "std": 0.02746146812180586
  },
  "raw_f1": [
    0.45161290322580644,
    0.42857142857142855,
    0.38095238095238093,
    0.5074626865671642,
    0.5070422535211268
  ],
  "raw_acc": [
    0.6136363636363636,
    0.6363636363636364,
    0.5568181818181818,
    0.625,
    0.6022727272727273
  ]
}