{
  "task": "classification",
  "model": "knn",
  "preprocessor": "all_synthesis_hydrophob",
  "f1": {
    "mean": 0.3532462639361213,
    "std": 0.07832814249779092
  },
  "accuracy": {
    "mean": 0.6043058350100604,
    "std": 0.062168362752578976
  },
  "raw_f1": [
    0.3333333333333333,
    0.46511627906976744,
    0.40816326530612246,
    0.23529411764705882,
    0.32432432432432434
  ],
  "raw_acc": [
    0.49295774647887325,
    0.6714285714285714,
    0.5857142857142857,
    0.6285714285714286,
    0.6428571428571429
  ]
}