{
  "task": "classification",
  "model": "rff",
  "preprocessor": "fingerprint",
  "f1": {
    "mean": 0.3876285146742355,
    "std": 0.05448946379849305
  },
  "accuracy": {
    "mean": 0.6043058350100604,
    "std": 0.057388820826949204
  },
  "raw_f1": [
    0.3793103448275862,
    0.4489795918367347,
    0.38095238095238093,
    0.29411764705882354,
    0.43478260869565216
  ],
  "raw_acc": [
    0.49295774647887325,
    0.6142857142857143,
    0.6285714285714286,
    0.6571428571428571,
    0.6285714285714286
  ]
}