{
  "task": "classification",
  "model": "rff",
  "preprocessor": "fingerprint",
  "f1": {
    "mean": 0.6243186762486926,
    "std": 0.08428545374665947
  },
  "accuracy": {
    "mean": 0.6214607130494981,
    "std": 0.05761120544344598
  },
  "raw_f1": [
    0.7457627118644068,
    0.6935483870967742,
    0.5945945945945946,
    0.5765765765765766,
    0.5111111111111111
  ],
  "raw_acc": [
    0.7222222222222222,
    0.6481481481481481,
    0.5833333333333334,
    0.5648148148148148,
    0.5887850467289719
  ]
}