{
  "task": "classification",
  "model": "rff",
  "preprocessor": "all_synthesis_hydrophob",
  "f1": {
    "mean": 0.7884139767297662,
    "std": 0.04316188466611224
  },
  "accuracy": {
    "mean": 0.825,
    "std": 0.03181818181818182
  },
  "raw_f1": [
    0.8717948717948718,
    0.75,
    0.7733333333333333,
    0.7837837837837838,
    0.7631578947368421
  ],
  "raw_acc": [
    0.8863636363636364,
    0.8181818181818182,
    0.8068181818181818,
    0.8181818181818182,
    0.7954545454545454
  ]
}