{
  "task": "classification",
  "model": "knn",
  "preprocessor": "fingerprint",
  "f1": {
    "mean": 0.4900335367695933,
    "std": 0.03439381706659488
  },
  "accuracy": {
    "mean": 0.5898189134808853,
    "std": 0.031963871609237915
  },
  "raw_f1": [
    0.5373134328358209,
    0.5263157894736842,
    0.4666666666666667,
    0.4583333333333333,
    0.46153846153846156
  ],
  "raw_acc": [
    0.5633802816901409,
    0.6142857142857143,
    0.5428571428571428,
    0.6285714285714286,
    0.6
  ]
}