{
  "task": "classification",
  "model": "xgb",
  "preprocessor": "one_hot",
  "f1": {
    "mean": 0.3715495916234832,
    "std": 0.03658677637736106
  },
  "accuracy": {
    "mean": 0.5813682092555332,
    "std": 0.053824287765837364
  },
  "raw_f1": [
    0.41379310344827586,
    0.32653061224489793,
    0.375,
    0.3333333333333333,
    0.4090909090909091
  ],
  "raw_acc": [
    0.5211267605633803,
    0.5285714285714286,
    0.5714285714285714,
    0.6571428571428571,
    0.6285714285714286
  ]
}