{
  "task": "classification",
  "model": "xgb",
  "preprocessor": "positional_fingerprint",
  "f1": {
    "mean": 0.5942520718934998,
    "std": 0.07732644806385398
  },
  "accuracy": {
    "mean": 0.6084804430598824,
    "std": 0.01619530854528005
  },
  "raw_f1": [
    0.6037735849056604,
    0.6557377049180327,
    0.6491228070175439,
    0.6181818181818182,
    0.4444444444444444
  ],
  "raw_acc": [
    0.6111111111111112,
    0.6111111111111112,
    0.6296296296296297,
    0.6111111111111112,
    0.5794392523364486
  ]
}