{
  "task": "classification",
  "model": "knn",
  "preprocessor": "hydrophobicity",
  "f1": {
    "mean": 0.29169373909672414,
    "std": 0.043159031389552044
  },
  "accuracy": {
    "mean": 0.5431818181818182,
    "std": 0.04395245364957664
  },
  "raw_f1": [
    0.3582089552238806,
    0.32,
    0.2545454545454545,
    0.24,
    0.2857142857142857
  ],
  "raw_acc": [
    0.5113636363636364,
    0.6136363636363636,
    0.5340909090909091,
    0.5681818181818182,
    0.48863636363636365
  ]
}