{
  "task": "classification",
  "model": "rff",
  "preprocessor": "positional_fingerprint",
  "f1": {
    "mean": 0.6530127032523292,
    "std": 0.06981046524275945
  },
  "accuracy": {
    "mean": 0.6492557978539286,
    "std": 0.03540589604055439
  },
  "raw_f1": [
    0.7288135593220338,
    0.7,
    0.6724137931034483,
    0.6363636363636364,
    0.5274725274725275
  ],
  "raw_acc": [
    0.7037037037037037,
    0.6666666666666666,
    0.6481481481481481,
    0.6296296296296297,
    0.5981308411214953
  ]
}