{
  "task": "classification",
  "model": "xgb",
  "preprocessor": "sequence",
  "f1": {
    "mean": 0.40483271029125767,
    "std": 0.11966979496426988
  },
  "accuracy": {
    "mean": 0.5840643863179074,
    "std": 0.0159933308368317
  },
  "raw_f1": [
    0.5,
    0.4827586206896552,
    0.4444444444444444,
    0.17142857142857143,
    0.425531914893617
  ],
  "raw_acc": [
    0.5774647887323944,
    0.5714285714285714,
    0.5714285714285714,
    0.5857142857142857,
    0.6142857142857143
  ]
}