{
  "task": "classification",
  "model": "rff",
  "preprocessor": "hydrophobicity",
  "f1": {
    "mean": 0.4965939830951938,
    "std": 0.039205683217260284
  },
  "accuracy": {
    "mean": 0.6156136820925553,
    "std": 0.05591369372045041
  },
  "raw_f1": [
    0.4406779661016949,
    0.46153846153846156,
    0.5084745762711864,
    0.5416666666666666,
    0.5306122448979592
  ],
  "raw_acc": [
    0.5352112676056338,
    0.6,
    0.5857142857142857,
    0.6857142857142857,
    0.6714285714285714
  ]
}