{
  "task": "classification",
  "model": "xgb",
  "preprocessor": "occurency",
  "f1": {
    "mean": 0.5842945903964342,
    "std": 0.04437564993951054
  },
  "accuracy": {
    "mean": 0.5901234567901236,
    "std": 0.036954640857026586
  },
  "raw_f1": [
    0.5230769230769231,
    0.6268656716417911,
    0.6029411764705882
  ],
  "raw_acc": [
    0.5407407407407407,
    0.6296296296296297,
    0.6
  ]
}