{
  "task": "classification",
  "model": "rff",
  "preprocessor": "one_hot",
  "f1": {
    "mean": 0.5111742632905814,
    "std": 0.06448242445907194
  },
  "accuracy": {
    "mean": 0.6267203219315894,
    "std": 0.04414459409058284
  },
  "raw_f1": [
    0.6268656716417911,
    0.42857142857142855,
    0.5,
    0.4897959183673469,
    0.5106382978723404
  ],
  "raw_acc": [
    0.647887323943662,
    0.5428571428571428,
    0.6285714285714286,
    0.6428571428571429,
    0.6714285714285714
  ]
}