{
  "task": "classification",
  "model": "rff",
  "preprocessor": "whole_peptide_fingerprint",
  "f1": {
    "mean": 0.3918179852107523,
    "std": 0.08271142894923411
  },
  "accuracy": {
    "mean": 0.6127162977867203,
    "std": 0.037599254701482246
  },
  "raw_f1": [
    0.4482758620689655,
    0.52,
    0.34146341463414637,
    0.2857142857142857,
    0.36363636363636365
  ],
  "raw_acc": [
    0.5492957746478874,
    0.6571428571428571,
    0.6142857142857143,
    0.6428571428571429,
    0.6
  ]
}