{
  "task": "classification",
  "model": "knn",
  "preprocessor": "occurency",
  "f1": {
    "mean": 0.5308282423244293,
    "std": 0.09842321786230675
  },
  "accuracy": {
    "mean": 0.6438229376257546,
    "std": 0.03426634379742754
  },
  "raw_f1": [
    0.6470588235294118,
    0.6451612903225806,
    0.4090909090909091,
    0.5,
    0.4528301886792453
  ],
  "raw_acc": [
    0.6619718309859155,
    0.6857142857142857,
    0.6285714285714286,
    0.6571428571428571,
    0.5857142857142857
  ]
}