{
  "task": "classification",
  "model": "rff",
  "preprocessor": "all_synthesis_hydrophob",
  "f1": {
    "mean": 0.7790465949820788,
    "std": 0.06098209771913361
  },
  "accuracy": {
    "mean": 0.8235814889336016,
    "std": 0.05728980453856917
  },
  "raw_f1": [
    0.7096774193548387,
    0.75,
    0.7407407407407407,
    0.88,
    0.8148148148148148
  ],
  "raw_acc": [
    0.7464788732394366,
    0.8,
    0.8,
    0.9142857142857143,
    0.8571428571428571
  ]
}