{
  "task": "classification",
  "model": "knn",
  "preprocessor": "one_hot",
  "f1": {
    "mean": 0.43880863721443764,
    "std": 0.08523159543382207
  },
  "accuracy": {
    "mean": 0.589738430583501,
    "std": 0.022830417680157183
  },
  "raw_f1": [
    0.5245901639344263,
    0.37209302325581395,
    0.5573770491803278,
    0.34782608695652173,
    0.39215686274509803
  ],
  "raw_acc": [
    0.5915492957746479,
    0.6142857142857143,
    0.6142857142857143,
    0.5714285714285714,
    0.5571428571428572
  ]
}