{
  "task": "classification",
  "model": "rff",
  "preprocessor": "occurency",
  "f1": {
    "mean": 0.5166378133761235,
    "std": 0.08100260919495701
  },
  "accuracy": {
    "mean": 0.6496579476861167,
    "std": 0.03911800004195004
  },
  "raw_f1": [
    0.49056603773584906,
    0.6428571428571429,
    0.52,
    0.391304347826087,
    0.5384615384615384
  ],
  "raw_acc": [
    0.6197183098591549,
    0.7142857142857143,
    0.6571428571428571,
    0.6,
    0.6571428571428571
  ]
}