{
  "task": "classification",
  "model": "knn",
  "preprocessor": "occurency",
  "f1": {
    "mean": 0.47570717741345625,
    "std": 0.07448627024145048
  },
  "accuracy": {
    "mean": 0.575,
    "std": 0.039756490192127056
  },
  "raw_f1": [
    0.5066666666666667,
    0.4927536231884058,
    0.4931506849315068,
    0.5526315789473685,
    0.3333333333333333
  ],
  "raw_acc": [
    0.5795454545454546,
    0.6022727272727273,
    0.5795454545454546,
    0.6136363636363636,
    0.5
  ]
}