{
  "task": "classification",
  "model": "rff",
  "preprocessor": "sequence",
  "f1": {
    "mean": 0.4601812257101985,
    "std": 0.03775639867222189
  },
  "accuracy": {
    "mean": 0.5795454545454545,
    "std": 0.03803000120609436
  },
  "raw_f1": [
    0.5294117647058824,
    0.4375,
    0.417910447761194,
    0.45454545454545453,
    0.46153846153846156
  ],
  "raw_acc": [
    0.6363636363636364,
    0.5909090909090909,
    0.5568181818181818,
    0.5909090909090909,
    0.5227272727272727
  ]
}