{
  "task": "classification",
  "model": "xgb",
  "preprocessor": "sequence",
  "f1": {
    "mean": 0.48265459713839265,
    "std": 0.07361355830718343
  },
  "accuracy": {
    "mean": 0.5590909090909091,
    "std": 0.05631596224256303
  },
  "raw_f1": [
    0.5833333333333334,
    0.410958904109589,
    0.5365853658536586,
    0.3888888888888889,
    0.4935064935064935
  ],
  "raw_acc": [
    0.6590909090909091,
    0.5113636363636364,
    0.5681818181818182,
    0.5,
    0.5568181818181818
  ]
}