{
  "task": "classification",
  "model": "xgb",
  "preprocessor": "occurency",
  "f1": {
    "mean": 0.5441569513180766,
    "std": 0.04423023278358298
  },
  "accuracy": {
    "mean": 0.6454545454545454,
    "std": 0.01955073924327868
  },
  "raw_f1": [
    0.5588235294117647,
    0.5,
    0.5974025974025974,
    0.5797101449275363,
    0.48484848484848486
  ],
  "raw_acc": [
    0.6590909090909091,
    0.6363636363636364,
    0.6477272727272727,
    0.6704545454545454,
    0.6136363636363636
  ]
}