{
  "task": "classification",
  "model": "knn",
  "preprocessor": "one_hot",
  "f1": {
    "mean": 0.4527924878431289,
    "std": 0.06684311443868565
  },
  "accuracy": {
    "mean": 0.5757344064386318,
    "std": 0.09448428214686869
  },
  "raw_f1": [
    0.41935483870967744,
    0.4482758620689655,
    0.3508771929824561,
    0.5454545454545454,
    0.5
  ],
  "raw_acc": [
    0.49295774647887325,
    0.5428571428571428,
    0.4714285714285714,
    0.7142857142857143,
    0.6571428571428571
  ]
}