{
  "task": "classification",
  "model": "xgb",
  "preprocessor": "fingerprint",
  "f1": {
    "mean": 0.397326521924223,
    "std": 0.03632809351036862
  },
  "accuracy": {
    "mean": 0.5642263759086189,
    "std": 0.06751252149402209
  },
  "raw_f1": [
    0.4444444444444444,
    0.3333333333333333,
    0.4,
    0.3950617283950617,
    0.41379310344827586
  ],
  "raw_acc": [
    0.5833333333333334,
    0.48148148148148145,
    0.5277777777777778,
    0.5462962962962963,
    0.6822429906542056
  ]
}