{
  "task": "classification",
  "model": "rff",
  "preprocessor": "protected_fingerprint",
  "f1": {
    "mean": 0.4119315008851595,
    "std": 0.03377955028984991
  },
  "accuracy": {
    "mean": 0.5727272727272726,
    "std": 0.027461468121805863
  },
  "raw_f1": [
    0.40625,
    0.47761194029850745,
    0.4,
    0.39344262295081966,
    0.38235294117647056
  ],
  "raw_acc": [
    0.5681818181818182,
    0.6022727272727273,
    0.5909090909090909,
    0.5795454545454546,
    0.5227272727272727
  ]
}