{
  "task": "classification",
  "model": "rff",
  "preprocessor": "occurency",
  "f1": {
    "mean": 0.4240459220658278,
    "std": 0.07181547056652231
  },
  "accuracy": {
    "mean": 0.5603842159916926,
    "std": 0.047409578823405615
  },
  "raw_f1": [
    0.4888888888888889,
    0.3132530120481928,
    0.4782608695652174,
    0.47619047619047616,
    0.36363636363636365
  ],
  "raw_acc": [
    0.5740740740740741,
    0.4722222222222222,
    0.5555555555555556,
    0.5925925925925926,
    0.6074766355140186
  ]
}