{
  "task": "classification",
  "model": "xgb",
  "preprocessor": "positional_fingerprint",
  "f1": {
    "mean": 0.39023929094550563,
    "std": 0.0748056901569275
  },
  "accuracy": {
    "mean": 0.5585842852197993,
    "std": 0.05540676388916745
  },
  "raw_f1": [
    0.41975308641975306,
    0.275,
    0.4888888888888889,
    0.42857142857142855,
    0.3389830508474576
  ],
  "raw_acc": [
    0.5648148148148148,
    0.46296296296296297,
    0.5740740740740741,
    0.5555555555555556,
    0.6355140186915887
  ]
}