{
  "task": "classification",
  "model": "xgb",
  "preprocessor": "whole_peptide_fingerprint",
  "f1": {
    "mean": 0.4862505357490746,
    "std": 0.08276340714131486
  },
  "accuracy": {
    "mean": 0.6070422535211268,
    "std": 0.047959636320875
  },
  "raw_f1": [
    0.4406779661016949,
    0.6333333333333333,
    0.44,
    0.4,
    0.5172413793103449
  ],
  "raw_acc": [
    0.5352112676056338,
    0.6857142857142857,
    0.6,
    0.6142857142857143,
    0.6
  ]
}