{
  "task": "classification",
  "model": "xgb",
  "preprocessor": "protected_fingerprint",
  "f1": {
    "mean": 0.44231224828239746,
    "std": 0.03768573938252839
  },
  "accuracy": {
    "mean": 0.5681818181818181,
    "std": 0.042518833940612975
  },
  "raw_f1": [
    0.42857142857142855,
    0.5079365079365079,
    0.45714285714285713,
    0.417910447761194,
    0.4
  ],
  "raw_acc": [
    0.5454545454545454,
    0.6477272727272727,
    0.5681818181818182,
    0.5568181818181818,
    0.5227272727272727
  ]
}