{
  "task": "classification",
  "model": "knn",
  "preprocessor": "sequence",
  "f1": {
    "mean": 0.46610463610463615,
    "std": 0.036777087949355684
  },
  "accuracy": {
    "mean": 0.5727565392354125,
    "std": 0.03579082681372274
  },
  "raw_f1": [
    0.49230769230769234,
    0.4666666666666667,
    0.43636363636363634,
    0.4166666666666667,
    0.5185185185185185
  ],
  "raw_acc": [
    0.5352112676056338,
    0.5428571428571428,
    0.5571428571428572,
    0.6,
    0.6285714285714286
  ]
}