{
  "task": "classification",
  "model": "xgb",
  "preprocessor": "all_synthesis_hydrophob",
  "f1": {
    "mean": 0.7798043835225246,
    "std": 0.05041445533250233
  },
  "accuracy": {
    "mean": 0.8150503018108652,
    "std": 0.05815041109741522
  },
  "raw_f1": [
    0.7246376811594203,
    0.7931034482758621,
    0.8,
    0.8571428571428571,
    0.7241379310344828
  ],
  "raw_acc": [
    0.7323943661971831,
    0.8285714285714286,
    0.8428571428571429,
    0.9,
    0.7714285714285715
  ]
}