{
  "task": "classification",
  "model": "xgb",
  "preprocessor": "protected_fingerprint",
  "f1": {
    "mean": 0.5792330297955348,
    "std": 0.011524869752344104
  },
  "accuracy": {
    "mean": 0.5703703703703704,
    "std": 0.006048122821686823
  },
  "raw_f1": [
    0.5648854961832062,
    0.5797101449275363,
    0.593103448275862
  ],
  "raw_acc": [
    0.5777777777777777,
    0.5703703703703704,
    0.562962962962963
  ]
}