{
  "task": "classification",
  "model": "rff",
  "preprocessor": "positional_fingerprint",
  "f1": {
    "mean": 0.4122294190617172,
    "std": 0.08476802167562617
  },
  "accuracy": {
    "mean": 0.6070020120724346,
    "std": 0.034638842333427726
  },
  "raw_f1": [
    0.5,
    0.4489795918367347,
    0.36363636363636365,
    0.2702702702702703,
    0.4782608695652174
  ],
  "raw_acc": [
    0.5492957746478874,
    0.6142857142857143,
    0.6,
    0.6142857142857143,
    0.6571428571428571
  ]
}