{
  "task": "classification",
  "model": "knn",
  "preprocessor": "occurency",
  "f1": {
    "mean": 0.4666770893762873,
    "std": 0.0822591359455921
  },
  "accuracy": {
    "mean": 0.5641448692152917,
    "std": 0.03730762115500638
  },
  "raw_f1": [
    0.4482758620689655,
    0.5483870967741935,
    0.38596491228070173,
    0.375,
    0.5757575757575758
  ],
  "raw_acc": [
    0.5492957746478874,
    0.6,
    0.5,
    0.5714285714285714,
    0.6
  ]
}