{
  "task": "classification",
  "model": "knn",
  "preprocessor": "protected_fp_hydrophob",
  "f1": {
    "mean": 0.4806722556616158,
    "std": 0.04066619434424003
  },
  "accuracy": {
    "mean": 0.6068812877263581,
    "std": 0.053524666680712915
  },
  "raw_f1": [
    0.5396825396825397,
    0.42105263157894735,
    0.4528301886792453,
    0.5,
    0.4897959183673469
  ],
  "raw_acc": [
    0.5915492957746479,
    0.5285714285714286,
    0.5857142857142857,
    0.6857142857142857,
    0.6428571428571429
  ]
}