{
  "task": "classification",
  "model": "rff",
  "preprocessor": "one_hot",
  "f1": {
    "mean": 0.360098357922814,
    "std": 0.04795732763348476
  },
  "accuracy": {
    "mean": 0.592877263581489,
    "std": 0.06385616749826285
  },
  "raw_f1": [
    0.41935483870967744,
    0.32558139534883723,
    0.2857142857142857,
    0.3888888888888889,
    0.38095238095238093
  ],
  "raw_acc": [
    0.49295774647887325,
    0.5857142857142857,
    0.5714285714285714,
    0.6857142857142857,
    0.6285714285714286
  ]
}