{
  "task": "classification",
  "model": "xgb",
  "preprocessor": "positional_fingerprint",
  "f1": {
    "mean": 0.41602880861225877,
    "std": 0.07840133255577617
  },
  "accuracy": {
    "mean": 0.6070824949698189,
    "std": 0.04573833215718768
  },
  "raw_f1": [
    0.45161290322580644,
    0.48,
    0.4,
    0.2702702702702703,
    0.4782608695652174
  ],
  "raw_acc": [
    0.5211267605633803,
    0.6285714285714286,
    0.6142857142857143,
    0.6142857142857143,
    0.6571428571428571
  ]
}