{
  "task": "classification",
  "model": "xgb",
  "preprocessor": "whole_peptide_fingerprint",
  "f1": {
    "mean": 0.5483826673265189,
    "std": 0.07663864418680415
  },
  "accuracy": {
    "mean": 0.6295454545454546,
    "std": 0.04745593867686616
  },
  "raw_f1": [
    0.5789473684210527,
    0.4657534246575342,
    0.5,
    0.6829268292682927,
    0.5142857142857142
  ],
  "raw_acc": [
    0.6363636363636364,
    0.5568181818181818,
    0.6363636363636364,
    0.7045454545454546,
    0.6136363636363636
  ]
}