{
  "task": "classification",
  "model": "xgb",
  "preprocessor": "occurency",
  "f1": {
    "mean": 0.5149547867575646,
    "std": 0.07911905266877965
  },
  "accuracy": {
    "mean": 0.632635814889336,
    "std": 0.04490058543737277
  },
  "raw_f1": [
    0.4827586206896552,
    0.6666666666666666,
    0.49056603773584906,
    0.43478260869565216,
    0.5
  ],
  "raw_acc": [
    0.5774647887323944,
    0.7142857142857143,
    0.6142857142857143,
    0.6285714285714286,
    0.6285714285714286
  ]
}