{
  "task": "classification",
  "model": "knn",
  "preprocessor": "protected_fp_hydrophob",
  "f1": {
    "mean": 0.4985596734336464,
    "std": 0.045979597157021955
  },
  "accuracy": {
    "mean": 0.5955734406438632,
    "std": 0.051156996056942176
  },
  "raw_f1": [
    0.5151515151515151,
    0.4406779661016949,
    0.5573770491803278,
    0.5306122448979592,
    0.4489795918367347
  ],
  "raw_acc": [
    0.5492957746478874,
    0.5285714285714286,
    0.6142857142857143,
    0.6714285714285714,
    0.6142857142857143
  ]
}