{
  "task": "classification",
  "model": "xgb",
  "preprocessor": "fingerprint",
  "f1": {
    "mean": 0.6107929296671974,
    "std": 0.05327861658302377
  },
  "accuracy": {
    "mean": 0.6024691358024691,
    "std": 0.04458140761794517
  },
  "raw_f1": [
    0.5373134328358209,
    0.6619718309859155,
    0.6330935251798561
  ],
  "raw_acc": [
    0.5407407407407407,
    0.6444444444444445,
    0.6222222222222222
  ]
}