{
  "task": "classification",
  "model": "rff",
  "preprocessor": "whole_peptide_fingerprint",
  "f1": {
    "mean": 0.5112341017094868,
    "std": 0.07170829379579999
  },
  "accuracy": {
    "mean": 0.6318181818181817,
    "std": 0.035646334412177516
  },
  "raw_f1": [
    0.5671641791044776,
    0.41935483870967744,
    0.5294117647058824,
    0.6027397260273972,
    0.4375
  ],
  "raw_acc": [
    0.6704545454545454,
    0.5909090909090909,
    0.6363636363636364,
    0.6704545454545454,
    0.5909090909090909
  ]
}