{
  "task": "classification",
  "model": "xgb",
  "preprocessor": "protected_fingerprint",
  "f1": {
    "mean": 0.41375381607639666,
    "std": 0.06587165185977582
  },
  "accuracy": {
    "mean": 0.5985110663983904,
    "std": 0.04925093020403801
  },
  "raw_f1": [
    0.45161290322580644,
    0.44,
    0.3181818181818182,
    0.358974358974359,
    0.5
  ],
  "raw_acc": [
    0.5211267605633803,
    0.6,
    0.5714285714285714,
    0.6428571428571429,
    0.6571428571428571
  ]
}