{
  "task": "classification",
  "model": "rff",
  "preprocessor": "protected_fingerprint",
  "f1": {
    "mean": 0.42285795767938633,
    "std": 0.043077016964584866
  },
  "accuracy": {
    "mean": 0.6127967806841046,
    "std": 0.05286516526271255
  },
  "raw_f1": [
    0.46875,
    0.4489795918367347,
    0.36363636363636365,
    0.3783783783783784,
    0.45454545454545453
  ],
  "raw_acc": [
    0.5211267605633803,
    0.6142857142857143,
    0.6,
    0.6714285714285714,
    0.6571428571428571
  ]
}