{
  "task": "classification",
  "model": "xgb",
  "preprocessor": "hydrophobicity",
  "f1": {
    "mean": 0.5171937592241197,
    "std": 0.04688318553299216
  },
  "accuracy": {
    "mean": 0.6071227364185111,
    "std": 0.06942875697328633
  },
  "raw_f1": [
    0.4444444444444444,
    0.5483870967741935,
    0.5,
    0.5098039215686274,
    0.5833333333333334
  ],
  "raw_acc": [
    0.5070422535211268,
    0.6,
    0.5714285714285714,
    0.6428571428571429,
    0.7142857142857143
  ]
}