{
  "task": "classification",
  "model": "rff",
  "preprocessor": "hydrophobicity",
  "f1": {
    "mean": 0.4477527151211362,
    "std": 0.05918577246786574
  },
  "accuracy": {
    "mean": 0.5977272727272727,
    "std": 0.03340213285613425
  },
  "raw_f1": [
    0.5079365079365079,
    0.5,
    0.35714285714285715,
    0.4,
    0.47368421052631576
  ],
  "raw_acc": [
    0.6477272727272727,
    0.6136363636363636,
    0.5909090909090909,
    0.5909090909090909,
    0.5454545454545454
  ]
}