{
  "task": "classification",
  "model": "knn",
  "preprocessor": "protected_fingerprint",
  "f1": {
    "mean": 0.48697005794796516,
    "std": 0.06158703154058941
  },
  "accuracy": {
    "mean": 0.5727565392354125,
    "std": 0.045796395214275774
  },
  "raw_f1": [
    0.5217391304347826,
    0.4666666666666667,
    0.5862068965517241,
    0.4528301886792453,
    0.4074074074074074
  ],
  "raw_acc": [
    0.5352112676056338,
    0.5428571428571428,
    0.6571428571428571,
    0.5857142857142857,
    0.5428571428571428
  ]
}