{
  "task": "classification",
  "model": "xgb",
  "preprocessor": "sequence",
  "f1": {
    "mean": 0.4762758253491974,
    "std": 0.10313430408951534
  },
  "accuracy": {
    "mean": 0.5696177062374246,
    "std": 0.0670008640332821
  },
  "raw_f1": [
    0.59375,
    0.49122807017543857,
    0.32727272727272727,
    0.39285714285714285,
    0.576271186440678
  ],
  "raw_acc": [
    0.6338028169014085,
    0.5857142857142857,
    0.4714285714285714,
    0.5142857142857142,
    0.6428571428571429
  ]
}