{
  "task": "classification",
  "model": "xgb",
  "preprocessor": "occurency",
  "f1": {
    "mean": 0.4436061969902022,
    "std": 0.04055932728750866
  },
  "accuracy": {
    "mean": 0.5678781585323641,
    "std": 0.04945803785141154
  },
  "raw_f1": [
    0.5,
    0.38636363636363635,
    0.47191011235955055,
    0.4470588235294118,
    0.4126984126984127
  ],
  "raw_acc": [
    0.5555555555555556,
    0.5,
    0.5648148148148148,
    0.5648148148148148,
    0.6542056074766355
  ]
}