{
  "task": "classification",
  "model": "knn",
  "preprocessor": "whole_peptide_fingerprint",
  "f1": {
    "mean": 0.5364385914786483,
    "std": 0.06763871631275388
  },
  "accuracy": {
    "mean": 0.6525553319919516,
    "std": 0.03161308379244277
  },
  "raw_f1": [
    0.5625,
    0.6376811594202898,
    0.43902439024390244,
    0.5531914893617021,
    0.4897959183673469
  ],
  "raw_acc": [
    0.6056338028169014,
    0.6428571428571429,
    0.6714285714285714,
    0.7,
    0.6428571428571429
  ]
}