{
  "task": "classification",
  "model": "xgb",
  "preprocessor": "fingerprint",
  "f1": {
    "mean": 0.44227074346935397,
    "std": 0.060813271189624124
  },
  "accuracy": {
    "mean": 0.5704545454545455,
    "std": 0.04511234827563456
  },
  "raw_f1": [
    0.5074626865671642,
    0.47058823529411764,
    0.463768115942029,
    0.4411764705882353,
    0.3283582089552239
  ],
  "raw_acc": [
    0.625,
    0.5909090909090909,
    0.5795454545454546,
    0.5681818181818182,
    0.48863636363636365
  ]
}