{
  "task": "classification",
  "model": "xgb",
  "preprocessor": "protected_fingerprint",
  "f1": {
    "mean": 0.6121546023576316,
    "std": 0.08024321111876764
  },
  "accuracy": {
    "mean": 0.6158878504672897,
    "std": 0.045051702971401875
  },
  "raw_f1": [
    0.717948717948718,
    0.6666666666666666,
    0.616822429906542,
    0.5765765765765766,
    0.4827586206896552
  ],
  "raw_acc": [
    0.6944444444444444,
    0.6203703703703703,
    0.6203703703703703,
    0.5648148148148148,
    0.5794392523364486
  ]
}