{
  "task": "classification",
  "model": "xgb",
  "preprocessor": "positional_fingerprint",
  "f1": {
    "mean": 0.4163957895204886,
    "std": 0.03233147630078097
  },
  "accuracy": {
    "mean": 0.5522727272727272,
    "std": 0.04288173241843912
  },
  "raw_f1": [
    0.3888888888888889,
    0.41935483870967744,
    0.45454545454545453,
    0.44776119402985076,
    0.37142857142857144
  ],
  "raw_acc": [
    0.5,
    0.5909090909090909,
    0.5909090909090909,
    0.5795454545454546,
    0.5
  ]
}