{
  "task": "classification",
  "model": "knn",
  "preprocessor": "hydrophobicity",
  "f1": {
    "mean": 0.3664219346275096,
    "std": 0.07631263137138217
  },
  "accuracy": {
    "mean": 0.5783501006036218,
    "std": 0.036703333905621444
  },
  "raw_f1": [
    0.4642857142857143,
    0.4489795918367347,
    0.2916666666666667,
    0.34146341463414637,
    0.2857142857142857
  ],
  "raw_acc": [
    0.5774647887323944,
    0.6142857142857143,
    0.5142857142857142,
    0.6142857142857143,
    0.5714285714285714
  ]
}