{
  "task": "classification",
  "model": "knn",
  "preprocessor": "whole_peptide_fingerprint",
  "f1": {
    "mean": 0.4841313210165669,
    "std": 0.06570593881550835
  },
  "accuracy": {
    "mean": 0.5870422535211268,
    "std": 0.0543813116884587
  },
  "raw_f1": [
    0.45901639344262296,
    0.5357142857142857,
    0.37037037037037035,
    0.5555555555555556,
    0.5
  ],
  "raw_acc": [
    0.5352112676056338,
    0.6285714285714286,
    0.5142857142857142,
    0.6571428571428571,
    0.6
  ]
}