{
  "task": "classification",
  "model": "xgb",
  "preprocessor": "one_hot",
  "f1": {
    "mean": 0.5028232286050169,
    "std": 0.08081822362361349
  },
  "accuracy": {
    "mean": 0.6124346076458752,
    "std": 0.04063198822480129
  },
  "raw_f1": [
    0.6376811594202898,
    0.5384615384615384,
    0.4074074074074074,
    0.44,
    0.49056603773584906
  ],
  "raw_acc": [
    0.647887323943662,
    0.6571428571428571,
    0.5428571428571428,
    0.6,
    0.6142857142857143
  ]
}