{
  "task": "classification",
  "model": "rff",
  "preprocessor": "fingerprint",
  "f1": {
    "mean": 0.4012676845205694,
    "std": 0.04344916010087232
  },
  "accuracy": {
    "mean": 0.5568362755278643,
    "std": 0.07564844530738479
  },
  "raw_f1": [
    0.4444444444444444,
    0.35714285714285715,
    0.391304347826087,
    0.35443037974683544,
    0.45901639344262296
  ],
  "raw_acc": [
    0.5833333333333334,
    0.5,
    0.48148148148148145,
    0.5277777777777778,
    0.6915887850467289
  ]
}