{
  "task": "classification",
  "model": "xgb",
  "preprocessor": "positional_fingerprint",
  "f1": {
    "mean": 0.5323306902698384,
    "std": 0.033518161548037904
  },
  "accuracy": {
    "mean": 0.6211267605633802,
    "std": 0.039496935766379984
  },
  "raw_f1": [
    0.5757575757575758,
    0.4827586206896552,
    0.5333333333333333,
    0.5098039215686274,
    0.56
  ],
  "raw_acc": [
    0.6056338028169014,
    0.5714285714285714,
    0.6,
    0.6428571428571429,
    0.6857142857142857
  ]
}