{
  "task": "classification",
  "model": "xgb",
  "preprocessor": "one_hot",
  "f1": {
    "mean": 0.4681665965533218,
    "std": 0.05518939116462817
  },
  "accuracy": {
    "mean": 0.575,
    "std": 0.05310600657067239
  },
  "raw_f1": [
    0.5074626865671642,
    0.4927536231884058,
    0.5352112676056338,
    0.4,
    0.40540540540540543
  ],
  "raw_acc": [
    0.625,
    0.6022727272727273,
    0.625,
    0.5227272727272727,
    0.5
  ]
}