{
  "task": "classification",
  "model": "rff",
  "preprocessor": "occurency",
  "f1": {
    "mean": 0.5327771905265263,
    "std": 0.07319348349336197
  },
  "accuracy": {
    "mean": 0.6522727272727273,
    "std": 0.05261744046722829
  },
  "raw_f1": [
    0.5,
    0.5172413793103449,
    0.47058823529411764,
    0.676056338028169,
    0.5
  ],
  "raw_acc": [
    0.6363636363636364,
    0.6818181818181818,
    0.5909090909090909,
    0.7386363636363636,
    0.6136363636363636
  ]
}