{
  "task": "classification",
  "model": "knn",
  "preprocessor": "protected_fingerprint",
  "f1": {
    "mean": 0.5362647058823529,
    "std": 0.029633808897234017
  },
  "accuracy": {
    "mean": 0.6240643863179074,
    "std": 0.04055763109587973
  },
  "raw_f1": [
    0.5588235294117647,
    0.5625,
    0.5,
    0.5,
    0.56
  ],
  "raw_acc": [
    0.5774647887323944,
    0.6,
    0.6,
    0.6571428571428571,
    0.6857142857142857
  ]
}