{
  "task": "classification",
  "model": "knn",
  "preprocessor": "occurency",
  "f1": {
    "mean": 0.5699329251907774,
    "std": 0.0781310420281207
  },
  "accuracy": {
    "mean": 0.5508826583592938,
    "std": 0.051615577504627724
  },
  "raw_f1": [
    0.672,
    0.6218487394957983,
    0.5688073394495413,
    0.5470085470085471,
    0.44
  ],
  "raw_acc": [
    0.6203703703703703,
    0.5833333333333334,
    0.5648148148148148,
    0.5092592592592593,
    0.4766355140186916
  ]
}