{
  "task": "classification",
  "model": "rff",
  "preprocessor": "positional_fingerprint",
  "f1": {
    "mean": 0.5531553451304543,
    "std": 0.05488546649041787
  },
  "accuracy": {
    "mean": 0.6409657947686116,
    "std": 0.028358260532181403
  },
  "raw_f1": [
    0.6571428571428571,
    0.5172413793103449,
    0.5423728813559322,
    0.5,
    0.5490196078431373
  ],
  "raw_acc": [
    0.6619718309859155,
    0.6,
    0.6142857142857143,
    0.6571428571428571,
    0.6714285714285714
  ]
}