{
  "task": "classification",
  "model": "knn",
  "preprocessor": "whole_peptide_fingerprint",
  "f1": {
    "mean": 0.47990182825799266,
    "std": 0.028859102086219876
  },
  "accuracy": {
    "mean": 0.5795454545454546,
    "std": 0.019015000603047182
  },
  "raw_f1": [
    0.48484848484848486,
    0.4931506849315068,
    0.4307692307692308,
    0.4722222222222222,
    0.5185185185185185
  ],
  "raw_acc": [
    0.6136363636363636,
    0.5795454545454546,
    0.5795454545454546,
    0.5681818181818182,
    0.5568181818181818
  ]
}