{
  "task": "classification",
  "model": "rff",
  "preprocessor": "one_hot",
  "f1": {
    "mean": 0.45315731841905593,
    "std": 0.06055755088630192
  },
  "accuracy": {
    "mean": 0.5954545454545455,
    "std": 0.045794185635477005
  },
  "raw_f1": [
    0.53125,
    0.5217391304347826,
    0.41935483870967744,
    0.39344262295081966,
    0.4
  ],
  "raw_acc": [
    0.6590909090909091,
    0.625,
    0.5909090909090909,
    0.5795454545454546,
    0.5227272727272727
  ]
}