{
  "task": "classification",
  "model": "rff",
  "preprocessor": "protected_fingerprint",
  "f1": {
    "mean": 0.6131853710772012,
    "std": 0.05333493890516809
  },
  "accuracy": {
    "mean": 0.6103669089650399,
    "std": 0.021489836088656865
  },
  "raw_f1": [
    0.6779661016949152,
    0.6333333333333333,
    0.6071428571428571,
    0.6306306306306306,
    0.5168539325842697
  ],
  "raw_acc": [
    0.6481481481481481,
    0.5925925925925926,
    0.5925925925925926,
    0.6203703703703703,
    0.5981308411214953
  ]
}