{
  "task": "classification",
  "model": "xgb",
  "preprocessor": "whole_peptide_fingerprint",
  "f1": {
    "mean": 0.4813837462383398,
    "std": 0.07188757959843857
  },
  "accuracy": {
    "mean": 0.5863447559709242,
    "std": 0.04096582348460459
  },
  "raw_f1": [
    0.5714285714285714,
    0.43956043956043955,
    0.5490196078431373,
    0.47191011235955055,
    0.375
  ],
  "raw_acc": [
    0.6388888888888888,
    0.5277777777777778,
    0.5740740740740741,
    0.5648148148148148,
    0.6261682242990654
  ]
}