{
  "task": "classification",
  "model": "rff",
  "preprocessor": "protected_fingerprint",
  "f1": {
    "mean": 0.400163155277178,
    "std": 0.035035570636413216
  },
  "accuracy": {
    "mean": 0.553097957770855,
    "std": 0.06705776267715331
  },
  "raw_f1": [
    0.4523809523809524,
    0.3764705882352941,
    0.391304347826087,
    0.35443037974683544,
    0.4262295081967213
  ],
  "raw_acc": [
    0.5740740740740741,
    0.5092592592592593,
    0.48148148148148145,
    0.5277777777777778,
    0.6728971962616822
  ]
}