{
  "task": "classification",
  "model": "xgb",
  "preprocessor": "protected_fingerprint",
  "f1": {
    "mean": 0.5282063983488132,
    "std": 0.05620508712191659
  },
  "accuracy": {
    "mean": 0.618430583501006,
    "std": 0.06948063406456367
  },
  "raw_f1": [
    0.5,
    0.49122807017543857,
    0.5,
    0.5098039215686274,
    0.64
  ],
  "raw_acc": [
    0.5492957746478874,
    0.5857142857142857,
    0.5714285714285714,
    0.6428571428571429,
    0.7428571428571429
  ]
}