{
  "task": "classification",
  "model": "knn",
  "preprocessor": "positional_fingerprint",
  "f1": {
    "mean": 0.4045411110565095,
    "std": 0.056469574015336935
  },
  "accuracy": {
    "mean": 0.5522727272727274,
    "std": 0.04465200614633752
  },
  "raw_f1": [
    0.4507042253521127,
    0.45454545454545453,
    0.4126984126984127,
    0.29850746268656714,
    0.40625
  ],
  "raw_acc": [
    0.5568181818181818,
    0.5909090909090909,
    0.5795454545454546,
    0.4659090909090909,
    0.5681818181818182
  ]
}