{
  "task": "classification",
  "model": "knn",
  "preprocessor": "protected_fingerprint",
  "f1": {
    "mean": 0.5137805727810282,
    "std": 0.02932107795213826
  },
  "accuracy": {
    "mean": 0.6,
    "std": 0.033247133723472266
  },
  "raw_f1": [
    0.463768115942029,
    0.5294117647058824,
    0.5,
    0.547945205479452,
    0.5277777777777778
  ],
  "raw_acc": [
    0.5795454545454546,
    0.6363636363636364,
    0.5454545454545454,
    0.625,
    0.6136363636363636
  ]
}