{
  "task": "classification",
  "model": "rff",
  "preprocessor": "all_synthesis_hydrophob",
  "f1": {
    "mean": 0.3916145472200297,
    "std": 0.041605525110609574
  },
  "accuracy": {
    "mean": 0.6156941649899397,
    "std": 0.056535010618557084
  },
  "raw_f1": [
    0.3137254901960784,
    0.42857142857142855,
    0.425531914893617,
    0.3902439024390244,
    0.4
  ],
  "raw_acc": [
    0.5070422535211268,
    0.6571428571428571,
    0.6142857142857143,
    0.6428571428571429,
    0.6571428571428571
  ]
}