{
  "task": "classification",
  "model": "xgb",
  "preprocessor": "protected_fp_hydrophob",
  "f1": {
    "mean": 0.5283599473914329,
    "std": 0.036574901019017246
  },
  "accuracy": {
    "mean": 0.6183501006036218,
    "std": 0.04344295036946639
  },
  "raw_f1": [
    0.5454545454545454,
    0.49122807017543857,
    0.5263157894736842,
    0.49056603773584906,
    0.5882352941176471
  ],
  "raw_acc": [
    0.5774647887323944,
    0.5857142857142857,
    0.6142857142857143,
    0.6142857142857143,
    0.7
  ]
}