{
  "task": "classification",
  "model": "rff",
  "preprocessor": "protected_fingerprint",
  "f1": {
    "mean": 0.5164441368467421,
    "std": 0.020415593463996476
  },
  "accuracy": {
    "mean": 0.6068812877263581,
    "std": 0.04342001965161606
  },
  "raw_f1": [
    0.5538461538461539,
    0.4918032786885246,
    0.5161290322580645,
    0.5098039215686274,
    0.5106382978723404
  ],
  "raw_acc": [
    0.5915492957746479,
    0.5571428571428572,
    0.5714285714285714,
    0.6428571428571429,
    0.6714285714285714
  ]
}