{
  "task": "classification",
  "model": "knn",
  "preprocessor": "positional_fingerprint",
  "f1": {
    "mean": 0.44280249365552243,
    "std": 0.015475123194054856
  },
  "accuracy": {
    "mean": 0.5841046277665995,
    "std": 0.02663485397746227
  },
  "raw_f1": [
    0.45614035087719296,
    0.44,
    0.4444444444444444,
    0.4583333333333333,
    0.41509433962264153
  ],
  "raw_acc": [
    0.5633802816901409,
    0.6,
    0.5714285714285714,
    0.6285714285714286,
    0.5571428571428572
  ]
}